,epoch,loss,accuracy,top_k_acc,val_loss,val_accuracy,val_top_k_acc,time_this_iter_s,done,timesteps_total,episodes_total,training_iteration,trial_id,experiment_id,date,timestamp,time_total_s,pid,hostname,node_ip,time_since_restore,timesteps_since_restore,iterations_since_restore,config/data_loader;args;batch_size,config/optimizer;args;lr,config/optimizer;type,logdir
2,70,0.024142,0.998116,1,4.756546,0.153085,0.310522,9.803479,FALSE,,,70,97b33_00002,cefe9657d5834fa1bed17426b3023718,2022-04-06_12-28-05,1.65E+09,690.6789,3940977,guanyush-RTX3060,10.70.2.70,690.6789,0,70,64,0.01,SGD,"/home/guanyush/Pictures/csc-2541-project/hyper_results/1649259932/DEFAULT_2022-04-06_11-45-32/DEFAULT_97b33_00002_2_data_loader;args;batch_size=64,optimizer;args;lr=0.01,optimizer;type=SGD_2022-04-06_12-02-17"
14,70,0.024142,0.998116,1,4.756546,0.153085,0.310522,9.778494,FALSE,,,70,97b33_00014,6a55e86e004749318a6e9e5d6a03413b,2022-04-06_15-34-03,1.65E+09,689.382,3940971,guanyush-RTX3060,10.70.2.70,689.382,0,70,64,0.01,SGD,"/home/guanyush/Pictures/csc-2541-project/hyper_results/1649259932/DEFAULT_2022-04-06_11-45-32/DEFAULT_97b33_00014_14_data_loader;args;batch_size=64,optimizer;args;lr=0.01,optimizer;type=SGD_2022-04-06_15-08-32"
26,70,0.024142,0.998116,1,4.756546,0.153085,0.310522,9.859468,FALSE,,,70,97b33_00026,6e92f9fa781944b89da02067ae028ada,2022-04-06_18-39-20,1.65E+09,693.6007,189913,guanyush-RTX3060,10.70.2.70,693.6007,0,70,64,0.01,SGD,"/home/guanyush/Pictures/csc-2541-project/hyper_results/1649259932/DEFAULT_2022-04-06_11-45-32/DEFAULT_97b33_00026_26_data_loader;args;batch_size=64,optimizer;args;lr=0.01,optimizer;type=SGD_2022-04-06_18-13-37"
38,70,0.024142,0.998116,1,4.756546,0.153085,0.310522,9.963952,FALSE,,,70,97b33_00038,a51213079ae04ccbb72bdfb2287dcb3a,2022-04-06_21-44-11,1.65E+09,691.7634,397688,guanyush-RTX3060,10.70.2.70,691.7634,0,70,64,0.01,SGD,"/home/guanyush/Pictures/csc-2541-project/hyper_results/1649259932/DEFAULT_2022-04-06_11-45-32/DEFAULT_97b33_00038_38_data_loader;args;batch_size=64,optimizer;args;lr=0.01,optimizer;type=SGD_2022-04-06_21-18-35"
50,70,0.024142,0.998116,1,4.756546,0.153085,0.310522,9.865688,FALSE,,,70,97b33_00050,9bb4a6aa57d24c0fb50330d3039b4a21,2022-04-07_00-49-01,1.65E+09,691.8192,602684,guanyush-RTX3060,10.70.2.70,691.8192,0,70,64,0.01,SGD,"/home/guanyush/Pictures/csc-2541-project/hyper_results/1649259932/DEFAULT_2022-04-06_11-45-32/DEFAULT_97b33_00050_50_data_loader;args;batch_size=64,optimizer;args;lr=0.01,optimizer;type=SGD_2022-04-07_00-23-24"
62,70,0.024142,0.998116,1,4.756546,0.153085,0.310522,9.83468,FALSE,,,70,97b33_00062,fe9c5ec6e67c486f9337fea308762703,2022-04-07_03-54-11,1.65E+09,690.805,807909,guanyush-RTX3060,10.70.2.70,690.805,0,70,64,0.01,SGD,"/home/guanyush/Pictures/csc-2541-project/hyper_results/1649259932/DEFAULT_2022-04-06_11-45-32/DEFAULT_97b33_00062_62_data_loader;args;batch_size=64,optimizer;args;lr=0.01,optimizer;type=SGD_2022-04-07_03-28-36"
74,70,0.024142,0.998116,1,4.756546,0.153085,0.310522,9.77651,FALSE,,,70,97b33_00074,c97aa783ed8e49209ee28b62d2017479,2022-04-07_06-58-47,1.65E+09,687.3788,1023126,guanyush-RTX3060,10.70.2.70,687.3788,0,70,64,0.01,SGD,"/home/guanyush/Pictures/csc-2541-project/hyper_results/1649259932/DEFAULT_2022-04-06_11-45-32/DEFAULT_97b33_00074_74_data_loader;args;batch_size=64,optimizer;args;lr=0.01,optimizer;type=SGD_2022-04-07_06-33-18"
86,70,0.024142,0.998116,1,4.756546,0.153085,0.310522,9.803313,FALSE,,,70,97b33_00086,d5419913de2341438efdda9f559efee5,2022-04-07_10-03-11,1.65E+09,688.7137,1233763,guanyush-RTX3060,10.70.2.70,688.7137,0,70,64,0.01,SGD,"/home/guanyush/Pictures/csc-2541-project/hyper_results/1649259932/DEFAULT_2022-04-06_11-45-32/DEFAULT_97b33_00086_86_data_loader;args;batch_size=64,optimizer;args;lr=0.01,optimizer;type=SGD_2022-04-07_09-37-41"
98,70,0.024142,0.998116,1,4.756546,0.153085,0.310522,9.777981,FALSE,,,70,97b33_00098,be8ccd64093744a5a6463f4a54a9cbb0,2022-04-07_13-07-35,1.65E+09,688.7343,1438751,guanyush-RTX3060,10.70.2.70,688.7343,0,70,64,0.01,SGD,"/home/guanyush/Pictures/csc-2541-project/hyper_results/1649259932/DEFAULT_2022-04-06_11-45-32/DEFAULT_97b33_00098_98_data_loader;args;batch_size=64,optimizer;args;lr=0.01,optimizer;type=SGD_2022-04-07_12-42-08"
110,70,0.024142,0.998116,1,4.756546,0.153085,0.310522,10.16856,FALSE,,,70,97b33_00110,97b4c5abe69c4fac8defc1adda0b2581,2022-04-07_16-20-37,1.65E+09,732.8169,1642073,guanyush-RTX3060,10.70.2.70,732.8169,0,70,64,0.01,SGD,"/home/guanyush/Pictures/csc-2541-project/hyper_results/1649259932/DEFAULT_2022-04-06_11-45-32/DEFAULT_97b33_00110_110_data_loader;args;batch_size=64,optimizer;args;lr=0.01,optimizer;type=SGD_2022-04-07_15-53-27"
122,70,0.024142,0.998116,1,4.756546,0.153085,0.310522,9.948722,FALSE,,,70,97b33_00122,1760d696c84942afaee8451ba56e4c33,2022-04-07_19-59-54,1.65E+09,701.0491,1837299,guanyush-RTX3060,10.70.2.70,701.0491,0,70,64,0.01,SGD,"/home/guanyush/Pictures/csc-2541-project/hyper_results/1649259932/DEFAULT_2022-04-06_11-45-32/DEFAULT_97b33_00122_122_data_loader;args;batch_size=64,optimizer;args;lr=0.01,optimizer;type=SGD_2022-04-07_19-33-52"
134,70,0.024142,0.998116,1,4.756546,0.153085,0.310522,9.93303,FALSE,,,70,97b33_00134,2377d2953929441ea40e8179eb8c1fcf,2022-04-07_23-05-48,1.65E+09,693.5548,2042004,guanyush-RTX3060,10.70.2.70,693.5548,0,70,64,0.01,SGD,"/home/guanyush/Pictures/csc-2541-project/hyper_results/1649259932/DEFAULT_2022-04-06_11-45-32/DEFAULT_97b33_00134_134_data_loader;args;batch_size=64,optimizer;args;lr=0.01,optimizer;type=SGD_2022-04-07_22-40-03"
7,93,0.14777,0.966645,0.997287,4.977784,0.141728,0.331078,8.484639,FALSE,,,93,97b33_00007,5ad934feea53462db95539ba0b9eb670,2022-04-06_13-48-00,1.65E+09,792.9346,3940981,guanyush-RTX3060,10.70.2.70,792.9346,0,93,256,0.001,Adam,"/home/guanyush/Pictures/csc-2541-project/hyper_results/1649259932/DEFAULT_2022-04-06_11-45-32/DEFAULT_97b33_00007_7_data_loader;args;batch_size=256,optimizer;args;lr=0.001,optimizer;type=Adam_2022-04-06_13-17-44"
19,93,0.14777,0.966645,0.997287,4.977784,0.141728,0.331078,8.441443,FALSE,,,93,97b33_00019,3cab0c6bbf4a48da96cde6ac324dc8cf,2022-04-06_16-53-42,1.65E+09,788.9223,68622,guanyush-RTX3060,10.70.2.70,788.9223,0,93,256,0.001,Adam,"/home/guanyush/Pictures/csc-2541-project/hyper_results/1649259932/DEFAULT_2022-04-06_11-45-32/DEFAULT_97b33_00019_19_data_loader;args;batch_size=256,optimizer;args;lr=0.001,optimizer;type=Adam_2022-04-06_16-23-35"
31,93,0.14777,0.966645,0.997287,4.977784,0.141728,0.331078,8.425612,FALSE,,,93,97b33_00031,acec8287ca4d45a992add4266006e01f,2022-04-06_19-58-52,1.65E+09,787.5019,277124,guanyush-RTX3060,10.70.2.70,787.5019,0,93,256,0.001,Adam,"/home/guanyush/Pictures/csc-2541-project/hyper_results/1649259932/DEFAULT_2022-04-06_11-45-32/DEFAULT_97b33_00031_31_data_loader;args;batch_size=256,optimizer;args;lr=0.001,optimizer;type=Adam_2022-04-06_19-28-50"
43,93,0.14777,0.966645,0.997287,4.977784,0.141728,0.331078,8.415047,FALSE,,,93,97b33_00043,704754c9b1604645b650623970cfc659,2022-04-06_23-03-45,1.65E+09,787.6578,482300,guanyush-RTX3060,10.70.2.70,787.6578,0,93,256,0.001,Adam,"/home/guanyush/Pictures/csc-2541-project/hyper_results/1649259932/DEFAULT_2022-04-06_11-45-32/DEFAULT_97b33_00043_43_data_loader;args;batch_size=256,optimizer;args;lr=0.001,optimizer;type=Adam_2022-04-06_22-33-41"
55,93,0.14777,0.966645,0.997287,4.977784,0.141728,0.331078,8.463414,FALSE,,,93,97b33_00055,5904e54122214240b45ff4371d36937e,2022-04-07_02-08-54,1.65E+09,791.624,687567,guanyush-RTX3060,10.70.2.70,791.624,0,93,256,0.001,Adam,"/home/guanyush/Pictures/csc-2541-project/hyper_results/1649259932/DEFAULT_2022-04-06_11-45-32/DEFAULT_97b33_00055_55_data_loader;args;batch_size=256,optimizer;args;lr=0.001,optimizer;type=Adam_2022-04-07_01-38-40"
67,93,0.14777,0.966645,0.997287,4.977784,0.141728,0.331078,8.391118,FALSE,,,93,97b33_00067,85128df7336b4a1b9c798d2e5f933e2b,2022-04-07_05-13-46,1.65E+09,787.011,892523,guanyush-RTX3060,10.70.2.70,787.011,0,93,256,0.001,Adam,"/home/guanyush/Pictures/csc-2541-project/hyper_results/1649259932/DEFAULT_2022-04-06_11-45-32/DEFAULT_97b33_00067_67_data_loader;args;batch_size=256,optimizer;args;lr=0.001,optimizer;type=Adam_2022-04-07_04-43-44"
79,93,0.14777,0.966645,0.997287,4.977784,0.141728,0.331078,8.380413,FALSE,,,93,97b33_00079,eb5ecf2778e343eea9a1472a918f9ce7,2022-04-07_08-18-08,1.65E+09,785.7281,1113713,guanyush-RTX3060,10.70.2.70,785.7281,0,93,256,0.001,Adam,"/home/guanyush/Pictures/csc-2541-project/hyper_results/1649259932/DEFAULT_2022-04-06_11-45-32/DEFAULT_97b33_00079_79_data_loader;args;batch_size=256,optimizer;args;lr=0.001,optimizer;type=Adam_2022-04-07_07-48-06"
91,93,0.14777,0.966645,0.997287,4.977784,0.141728,0.331078,8.479708,FALSE,,,93,97b33_00091,8593b3040a4041a5951647823492eca6,2022-04-07_11-22-42,1.65E+09,791.4739,1318086,guanyush-RTX3060,10.70.2.70,791.4739,0,93,256,0.001,Adam,"/home/guanyush/Pictures/csc-2541-project/hyper_results/1649259932/DEFAULT_2022-04-06_11-45-32/DEFAULT_97b33_00091_91_data_loader;args;batch_size=256,optimizer;args;lr=0.001,optimizer;type=Adam_2022-04-07_10-52-37"
103,93,0.14777,0.966645,0.997287,4.977784,0.141728,0.331078,8.407844,FALSE,,,93,97b33_00103,78fe6b174e1349f8997165a4cbb59b13,2022-04-07_14-26-51,1.65E+09,783.2731,1523380,guanyush-RTX3060,10.70.2.70,783.2731,0,93,256,0.001,Adam,"/home/guanyush/Pictures/csc-2541-project/hyper_results/1649259932/DEFAULT_2022-04-06_11-45-32/DEFAULT_97b33_00103_103_data_loader;args;batch_size=256,optimizer;args;lr=0.001,optimizer;type=Adam_2022-04-07_13-56-51"
115,93,0.14777,0.966645,0.997287,4.977784,0.141728,0.331078,15.58795,FALSE,,,93,97b33_00115,85347398c5bd4f27a55b908cdbee7761,2022-04-07_17-57-38,1.65E+09,1141.812,1723669,guanyush-RTX3060,10.70.2.70,1141.812,0,93,256,0.001,Adam,"/home/guanyush/Pictures/csc-2541-project/hyper_results/1649259932/DEFAULT_2022-04-06_11-45-32/DEFAULT_97b33_00115_115_data_loader;args;batch_size=256,optimizer;args;lr=0.001,optimizer;type=Adam_2022-04-07_17-19-52"
127,93,0.14777,0.966645,0.997287,4.977784,0.141728,0.331078,8.421816,FALSE,,,93,97b33_00127,ada5998a4bb240e49b8cae7e458053c8,2022-04-07_21-19-54,1.65E+09,790.4869,1916284,guanyush-RTX3060,10.70.2.70,790.4869,0,93,256,0.001,Adam,"/home/guanyush/Pictures/csc-2541-project/hyper_results/1649259932/DEFAULT_2022-04-06_11-45-32/DEFAULT_97b33_00127_127_data_loader;args;batch_size=256,optimizer;args;lr=0.001,optimizer;type=Adam_2022-04-07_20-49-46"
139,93,0.14777,0.966645,0.997287,4.977784,0.141728,0.331078,8.485259,FALSE,,,93,97b33_00139,a42ca3659eeb476a9d511bce16289a5a,2022-04-08_00-26-04,1.65E+09,794.9112,2120922,guanyush-RTX3060,10.70.2.70,794.9112,0,93,256,0.001,Adam,"/home/guanyush/Pictures/csc-2541-project/hyper_results/1649259932/DEFAULT_2022-04-06_11-45-32/DEFAULT_97b33_00139_139_data_loader;args;batch_size=256,optimizer;args;lr=0.001,optimizer;type=Adam_2022-04-07_23-55-43"
6,99,1.372261,0.590824,0.83422,4.095944,0.141218,0.331487,10.16029,FALSE,,,99,97b33_00006,904355051ccc40acab3d52fc69bca6a9,2022-04-06_13-34-33,1.65E+09,1008.735,3940967,guanyush-RTX3060,10.70.2.70,1008.735,0,99,64,0.001,Adam,"/home/guanyush/Pictures/csc-2541-project/hyper_results/1649259932/DEFAULT_2022-04-06_11-45-32/DEFAULT_97b33_00006_6_data_loader;args;batch_size=64,optimizer;args;lr=0.001,optimizer;type=Adam_2022-04-06_13-03-37"
18,99,1.372261,0.590824,0.83422,4.095944,0.141218,0.331487,10.1389,FALSE,,,99,97b33_00018,fb32ba9fa4914c8eb79873268657c891,2022-04-06_16-40-20,1.65E+09,1004.463,52027,guanyush-RTX3060,10.70.2.70,1004.463,0,99,64,0.001,Adam,"/home/guanyush/Pictures/csc-2541-project/hyper_results/1649259932/DEFAULT_2022-04-06_11-45-32/DEFAULT_97b33_00018_18_data_loader;args;batch_size=64,optimizer;args;lr=0.001,optimizer;type=Adam_2022-04-06_16-09-31"
30,99,1.372261,0.590824,0.83422,4.095944,0.141218,0.331487,10.0449,FALSE,,,99,97b33_00030,4a6cc025aac54599b449a9f244f563ba,2022-04-06_19-45-31,1.65E+09,1000.494,260837,guanyush-RTX3060,10.70.2.70,1000.494,0,99,64,0.001,Adam,"/home/guanyush/Pictures/csc-2541-project/hyper_results/1649259932/DEFAULT_2022-04-06_11-45-32/DEFAULT_97b33_00030_30_data_loader;args;batch_size=64,optimizer;args;lr=0.001,optimizer;type=Adam_2022-04-06_19-14-50"
42,99,1.372261,0.590824,0.83422,4.095944,0.141218,0.331487,10.09446,FALSE,,,99,97b33_00042,2b6ebc4898aa43a59721907addb0de17,2022-04-06_22-50-24,1.65E+09,1003.022,466075,guanyush-RTX3060,10.70.2.70,1003.022,0,99,64,0.001,Adam,"/home/guanyush/Pictures/csc-2541-project/hyper_results/1649259932/DEFAULT_2022-04-06_11-45-32/DEFAULT_97b33_00042_42_data_loader;args;batch_size=64,optimizer;args;lr=0.001,optimizer;type=Adam_2022-04-06_22-19-40"
54,99,1.372261,0.590824,0.83422,4.095944,0.141218,0.331487,10.10913,FALSE,,,99,97b33_00054,c3a2505e92aa49269d55abe91cc8f755,2022-04-07_01-55-29,1.65E+09,1008.64,671249,guanyush-RTX3060,10.70.2.70,1008.64,0,99,64,0.001,Adam,"/home/guanyush/Pictures/csc-2541-project/hyper_results/1649259932/DEFAULT_2022-04-06_11-45-32/DEFAULT_97b33_00054_54_data_loader;args;batch_size=64,optimizer;args;lr=0.001,optimizer;type=Adam_2022-04-07_01-24-34"
66,99,1.372261,0.590824,0.83422,4.095944,0.141218,0.331487,10.12249,FALSE,,,99,97b33_00066,1e01c108367b4ae7a9b58dd8fa134b5a,2022-04-07_05-00-26,1.65E+09,1001.351,876252,guanyush-RTX3060,10.70.2.70,1001.351,0,99,64,0.001,Adam,"/home/guanyush/Pictures/csc-2541-project/hyper_results/1649259932/DEFAULT_2022-04-06_11-45-32/DEFAULT_97b33_00066_66_data_loader;args;batch_size=64,optimizer;args;lr=0.001,optimizer;type=Adam_2022-04-07_04-29-45"
78,99,1.372261,0.590824,0.83422,4.095944,0.141218,0.331487,10.06213,FALSE,,,99,97b33_00078,de216f67861045eea16829649268696f,2022-04-07_08-04-48,1.65E+09,1001.479,1097092,guanyush-RTX3060,10.70.2.70,1001.479,0,99,64,0.001,Adam,"/home/guanyush/Pictures/csc-2541-project/hyper_results/1649259932/DEFAULT_2022-04-06_11-45-32/DEFAULT_97b33_00078_78_data_loader;args;batch_size=64,optimizer;args;lr=0.001,optimizer;type=Adam_2022-04-07_07-34-05"
90,99,1.372261,0.590824,0.83422,4.095944,0.141218,0.331487,10.08953,FALSE,,,99,97b33_00090,fcbd4d75c2cd42dd9cb2c6912e0cce00,2022-04-07_11-09-17,1.65E+09,999.8808,1301821,guanyush-RTX3060,10.70.2.70,999.8808,0,99,64,0.001,Adam,"/home/guanyush/Pictures/csc-2541-project/hyper_results/1649259932/DEFAULT_2022-04-06_11-45-32/DEFAULT_97b33_00090_90_data_loader;args;batch_size=64,optimizer;args;lr=0.001,optimizer;type=Adam_2022-04-07_10-38-37"
102,99,1.372261,0.590824,0.83422,4.095944,0.141218,0.331487,10.0534,FALSE,,,99,97b33_00102,dec69dbd58fe427b8d14d09ba81e1612,2022-04-07_14-13-34,1.65E+09,1002.419,1507089,guanyush-RTX3060,10.70.2.70,1002.419,0,99,64,0.001,Adam,"/home/guanyush/Pictures/csc-2541-project/hyper_results/1649259932/DEFAULT_2022-04-06_11-45-32/DEFAULT_97b33_00102_102_data_loader;args;batch_size=64,optimizer;args;lr=0.001,optimizer;type=Adam_2022-04-07_13-42-52"
114,99,1.372261,0.590824,0.83422,4.095944,0.141218,0.331487,11.03623,FALSE,,,99,97b33_00114,725b300830e64b63b753c51c5f333460,2022-04-07_17-38-19,1.65E+09,1106.777,1707115,guanyush-RTX3060,10.70.2.70,1106.777,0,99,64,0.001,Adam,"/home/guanyush/Pictures/csc-2541-project/hyper_results/1649259932/DEFAULT_2022-04-06_11-45-32/DEFAULT_97b33_00114_114_data_loader;args;batch_size=64,optimizer;args;lr=0.001,optimizer;type=Adam_2022-04-07_16-57-39"
126,99,1.372261,0.590824,0.83422,4.095944,0.141218,0.331487,10.07996,FALSE,,,99,97b33_00126,5909e4c25e9e4e63a37fb1ba635e9508,2022-04-07_21-06-30,1.65E+09,1003.642,1900595,guanyush-RTX3060,10.70.2.70,1003.642,0,99,64,0.001,Adam,"/home/guanyush/Pictures/csc-2541-project/hyper_results/1649259932/DEFAULT_2022-04-06_11-45-32/DEFAULT_97b33_00126_126_data_loader;args;batch_size=64,optimizer;args;lr=0.001,optimizer;type=Adam_2022-04-07_20-35-43"
138,99,1.372261,0.590824,0.83422,4.095944,0.141218,0.331487,10.13633,FALSE,,,99,97b33_00138,06e11a59ccfb4dcb963b895064455db6,2022-04-08_00-12-35,1.65E+09,1010.959,2105125,guanyush-RTX3060,10.70.2.70,1010.959,0,99,64,0.001,Adam,"/home/guanyush/Pictures/csc-2541-project/hyper_results/1649259932/DEFAULT_2022-04-06_11-45-32/DEFAULT_97b33_00138_138_data_loader;args;batch_size=64,optimizer;args;lr=0.001,optimizer;type=Adam_2022-04-07_23-41-32"
5,96,0.01575,0.998806,1,4.618967,0.132008,0.281043,8.387498,FALSE,,,96,97b33_00005,2974c79fb3c44924ae33bd085e7668f2,2022-04-06_13-17-08,1.65E+09,810.3883,3940974,guanyush-RTX3060,10.70.2.70,810.3883,0,96,256,0.1,SGD,"/home/guanyush/Pictures/csc-2541-project/hyper_results/1649259932/DEFAULT_2022-04-06_11-45-32/DEFAULT_97b33_00005_5_data_loader;args;batch_size=256,optimizer;args;lr=0.1,optimizer;type=SGD_2022-04-06_12-47-06"
17,96,0.01575,0.998806,1,4.618967,0.132008,0.281043,8.362167,FALSE,,,96,97b33_00017,373278bee8ee4d9b8e671603cd6a4d67,2022-04-06_16-22-58,1.65E+09,806.3064,33735,guanyush-RTX3060,10.70.2.70,806.3064,0,96,256,0.1,SGD,"/home/guanyush/Pictures/csc-2541-project/hyper_results/1649259932/DEFAULT_2022-04-06_11-45-32/DEFAULT_97b33_00017_17_data_loader;args;batch_size=256,optimizer;args;lr=0.1,optimizer;type=SGD_2022-04-06_15-53-02"
29,96,0.01575,0.998806,1,4.618967,0.132008,0.281043,8.315269,FALSE,,,96,97b33_00029,0e559a2602bd419aa2384d1a7fdae913,2022-04-06_19-28-14,1.65E+09,803.1802,240594,guanyush-RTX3060,10.70.2.70,803.1802,0,96,256,0.1,SGD,"/home/guanyush/Pictures/csc-2541-project/hyper_results/1649259932/DEFAULT_2022-04-06_11-45-32/DEFAULT_97b33_00029_29_data_loader;args;batch_size=256,optimizer;args;lr=0.1,optimizer;type=SGD_2022-04-06_18-58-25"
41,96,0.01575,0.998806,1,4.618967,0.132008,0.281043,8.388938,FALSE,,,96,97b33_00041,94c15f65eb9f49bdb90d1a648a259d85,2022-04-06_22-33-05,1.65E+09,803.9903,448274,guanyush-RTX3060,10.70.2.70,803.9903,0,96,256,0.1,SGD,"/home/guanyush/Pictures/csc-2541-project/hyper_results/1649259932/DEFAULT_2022-04-06_11-45-32/DEFAULT_97b33_00041_41_data_loader;args;batch_size=256,optimizer;args;lr=0.1,optimizer;type=SGD_2022-04-06_22-03-16"
53,96,0.01575,0.998806,1,4.618967,0.132008,0.281043,8.35488,FALSE,,,96,97b33_00053,86e57c1a91e44b90a400918481bf0b65,2022-04-07_01-38-04,1.65E+09,809.0247,653210,guanyush-RTX3060,10.70.2.70,809.0247,0,96,256,0.1,SGD,"/home/guanyush/Pictures/csc-2541-project/hyper_results/1649259932/DEFAULT_2022-04-06_11-45-32/DEFAULT_97b33_00053_53_data_loader;args;batch_size=256,optimizer;args;lr=0.1,optimizer;type=SGD_2022-04-07_01-08-04"
65,96,0.01575,0.998806,1,4.618967,0.132008,0.281043,8.319431,FALSE,,,96,97b33_00065,ce97cd31b52d4d76a38927509587b9a9,2022-04-07_04-43-08,1.65E+09,802.8661,858351,guanyush-RTX3060,10.70.2.70,802.8661,0,96,256,0.1,SGD,"/home/guanyush/Pictures/csc-2541-project/hyper_results/1649259932/DEFAULT_2022-04-06_11-45-32/DEFAULT_97b33_00065_65_data_loader;args;batch_size=256,optimizer;args;lr=0.1,optimizer;type=SGD_2022-04-07_04-13-14"
77,96,0.01575,0.998806,1,4.618967,0.132008,0.281043,8.406135,FALSE,,,96,97b33_00077,c409cc83aea645d3b4bcb1ba53210b88,2022-04-07_07-47-30,1.65E+09,804.4212,1079292,guanyush-RTX3060,10.70.2.70,804.4212,0,96,256,0.1,SGD,"/home/guanyush/Pictures/csc-2541-project/hyper_results/1649259932/DEFAULT_2022-04-06_11-45-32/DEFAULT_97b33_00077_77_data_loader;args;batch_size=256,optimizer;args;lr=0.1,optimizer;type=SGD_2022-04-07_07-17-41"
89,96,0.01575,0.998806,1,4.618967,0.132008,0.281043,8.309837,FALSE,,,96,97b33_00089,400fb1b59eed496185b5ec7f782d85e9,2022-04-07_10-52-01,1.65E+09,804.0035,1284037,guanyush-RTX3060,10.70.2.70,804.0035,0,96,256,0.1,SGD,"/home/guanyush/Pictures/csc-2541-project/hyper_results/1649259932/DEFAULT_2022-04-06_11-45-32/DEFAULT_97b33_00089_89_data_loader;args;batch_size=256,optimizer;args;lr=0.1,optimizer;type=SGD_2022-04-07_10-22-08"
101,96,0.01575,0.998806,1,4.618967,0.132008,0.281043,8.319575,FALSE,,,96,97b33_00101,d18ebae2e36a47029da2eb7ddd9386a5,2022-04-07_13-56-15,1.65E+09,802.1523,1489222,guanyush-RTX3060,10.70.2.70,802.1523,0,96,256,0.1,SGD,"/home/guanyush/Pictures/csc-2541-project/hyper_results/1649259932/DEFAULT_2022-04-06_11-45-32/DEFAULT_97b33_00101_101_data_loader;args;batch_size=256,optimizer;args;lr=0.1,optimizer;type=SGD_2022-04-07_13-26-29"
113,96,0.01575,0.998806,1,4.618967,0.132008,0.281043,9.500445,FALSE,,,96,97b33_00113,54cd028dd8af4ab38151b14b74d7526c,2022-04-07_17-19-10,1.65E+09,1290.284,1690664,guanyush-RTX3060,10.70.2.70,1290.284,0,96,256,0.1,SGD,"/home/guanyush/Pictures/csc-2541-project/hyper_results/1649259932/DEFAULT_2022-04-06_11-45-32/DEFAULT_97b33_00113_113_data_loader;args;batch_size=256,optimizer;args;lr=0.1,optimizer;type=SGD_2022-04-07_16-40-12"
125,96,0.01575,0.998806,1,4.618967,0.132008,0.281043,8.359452,FALSE,,,96,97b33_00125,cf57309912294cea9b3c09ba07a5daf9,2022-04-07_20-49-10,1.65E+09,806.6327,1884815,guanyush-RTX3060,10.70.2.70,806.6327,0,96,256,0.1,SGD,"/home/guanyush/Pictures/csc-2541-project/hyper_results/1649259932/DEFAULT_2022-04-06_11-45-32/DEFAULT_97b33_00125_125_data_loader;args;batch_size=256,optimizer;args;lr=0.1,optimizer;type=SGD_2022-04-07_20-19-13"
137,96,0.01575,0.998806,1,4.618967,0.132008,0.281043,8.450522,FALSE,,,96,97b33_00137,bf4fa537a14e402f8b712c96de5af505,2022-04-07_23-55-06,1.65E+09,813.4813,2089333,guanyush-RTX3060,10.70.2.70,813.4813,0,96,256,0.1,SGD,"/home/guanyush/Pictures/csc-2541-project/hyper_results/1649259932/DEFAULT_2022-04-06_11-45-32/DEFAULT_97b33_00137_137_data_loader;args;batch_size=256,optimizer;args;lr=0.1,optimizer;type=SGD_2022-04-07_23-24-57"
4,99,0.328222,0.905674,0.986281,5.388538,0.130934,0.288766,9.822799,FALSE,,,99,97b33_00004,daaea663725d4d24b1e39704556c92a7,2022-04-06_13-03-24,1.65E+09,977.9775,3940966,guanyush-RTX3060,10.70.2.70,977.9775,0,99,64,0.1,SGD,"/home/guanyush/Pictures/csc-2541-project/hyper_results/1649259932/DEFAULT_2022-04-06_11-45-32/DEFAULT_97b33_00004_4_data_loader;args;batch_size=64,optimizer;args;lr=0.1,optimizer;type=SGD_2022-04-06_12-33-02"
16,99,0.328222,0.905674,0.986281,5.388538,0.130934,0.288766,9.827618,FALSE,,,99,97b33_00016,5a812bf7ee7e42aabc84ca92df340e3c,2022-04-06_16-09-19,1.65E+09,976.3015,17064,guanyush-RTX3060,10.70.2.70,976.3015,0,99,64,0.1,SGD,"/home/guanyush/Pictures/csc-2541-project/hyper_results/1649259932/DEFAULT_2022-04-06_11-45-32/DEFAULT_97b33_00016_16_data_loader;args;batch_size=64,optimizer;args;lr=0.1,optimizer;type=SGD_2022-04-06_15-39-00"
28,99,0.328222,0.905674,0.986281,5.388538,0.130934,0.288766,9.764269,FALSE,,,99,97b33_00028,bcc8df4176174642907407c60f5a922e,2022-04-06_19-14-37,1.65E+09,971.7693,224239,guanyush-RTX3060,10.70.2.70,971.7693,0,99,64,0.1,SGD,"/home/guanyush/Pictures/csc-2541-project/hyper_results/1649259932/DEFAULT_2022-04-06_11-45-32/DEFAULT_97b33_00028_28_data_loader;args;batch_size=64,optimizer;args;lr=0.1,optimizer;type=SGD_2022-04-06_18-44-18"
40,99,0.328222,0.905674,0.986281,5.388538,0.130934,0.288766,9.735585,FALSE,,,99,97b33_00040,88a724e86e8444b1a5e722a18b888337,2022-04-06_22-19-28,1.65E+09,970.95,431912,guanyush-RTX3060,10.70.2.70,970.95,0,99,64,0.1,SGD,"/home/guanyush/Pictures/csc-2541-project/hyper_results/1649259932/DEFAULT_2022-04-06_11-45-32/DEFAULT_97b33_00040_40_data_loader;args;batch_size=64,optimizer;args;lr=0.1,optimizer;type=SGD_2022-04-06_21-49-09"
52,99,0.328222,0.905674,0.986281,5.388538,0.130934,0.288766,9.872362,FALSE,,,99,97b33_00052,4f925c45242a4063a566dcb1186c473a,2022-04-07_01-24-21,1.65E+09,976.8973,636853,guanyush-RTX3060,10.70.2.70,976.8973,0,99,64,0.1,SGD,"/home/guanyush/Pictures/csc-2541-project/hyper_results/1649259932/DEFAULT_2022-04-06_11-45-32/DEFAULT_97b33_00052_52_data_loader;args;batch_size=64,optimizer;args;lr=0.1,optimizer;type=SGD_2022-04-07_00-53-59"
64,99,0.328222,0.905674,0.986281,5.388538,0.130934,0.288766,9.828388,FALSE,,,99,97b33_00064,778a0e26d0dd4946b23219d95922dd8e,2022-04-07_04-29-33,1.65E+09,977.5719,842075,guanyush-RTX3060,10.70.2.70,977.5719,0,99,64,0.1,SGD,"/home/guanyush/Pictures/csc-2541-project/hyper_results/1649259932/DEFAULT_2022-04-06_11-45-32/DEFAULT_97b33_00064_64_data_loader;args;batch_size=64,optimizer;args;lr=0.1,optimizer;type=SGD_2022-04-07_03-59-09"
76,99,0.328222,0.905674,0.986281,5.388538,0.130934,0.288766,9.771884,FALSE,,,99,97b33_00076,2f73440a105f49bf90b8cfe2849eacf7,2022-04-07_07-33-53,1.65E+09,971.6556,1063071,guanyush-RTX3060,10.70.2.70,971.6556,0,99,64,0.1,SGD,"/home/guanyush/Pictures/csc-2541-project/hyper_results/1649259932/DEFAULT_2022-04-06_11-45-32/DEFAULT_97b33_00076_76_data_loader;args;batch_size=64,optimizer;args;lr=0.1,optimizer;type=SGD_2022-04-07_07-03-43"
88,99,0.328222,0.905674,0.986281,5.388538,0.130934,0.288766,9.810922,FALSE,,,99,97b33_00088,9822a3dda6e14063a4a2a57974423a4c,2022-04-07_10-38-24,1.65E+09,974.6564,1267828,guanyush-RTX3060,10.70.2.70,974.6564,0,99,64,0.1,SGD,"/home/guanyush/Pictures/csc-2541-project/hyper_results/1649259932/DEFAULT_2022-04-06_11-45-32/DEFAULT_97b33_00088_88_data_loader;args;batch_size=64,optimizer;args;lr=0.1,optimizer;type=SGD_2022-04-07_10-08-08"
100,99,0.328222,0.905674,0.986281,5.388538,0.130934,0.288766,9.767896,FALSE,,,99,97b33_00100,3c0a65d0438944e5bd8986936aa08146,2022-04-07_13-42-40,1.65E+09,970.5236,1472976,guanyush-RTX3060,10.70.2.70,970.5236,0,99,64,0.1,SGD,"/home/guanyush/Pictures/csc-2541-project/hyper_results/1649259932/DEFAULT_2022-04-06_11-45-32/DEFAULT_97b33_00100_100_data_loader;args;batch_size=64,optimizer;args;lr=0.1,optimizer;type=SGD_2022-04-07_13-12-31"
112,99,0.328222,0.905674,0.986281,5.388538,0.130934,0.288766,12.71734,FALSE,,,99,97b33_00112,31714b3d60374f0cb383e9765c2c934f,2022-04-07_16-57-19,1.65E+09,1026.956,1674824,guanyush-RTX3060,10.70.2.70,1026.956,0,99,64,0.1,SGD,"/home/guanyush/Pictures/csc-2541-project/hyper_results/1649259932/DEFAULT_2022-04-06_11-45-32/DEFAULT_97b33_00112_112_data_loader;args;batch_size=64,optimizer;args;lr=0.1,optimizer;type=SGD_2022-04-07_16-25-54"
124,99,0.328222,0.905674,0.986281,5.388538,0.130934,0.288766,9.804502,FALSE,,,99,97b33_00124,984a73b9aafb4d65b4556f5b538cd7a8,2022-04-07_20-35-30,1.65E+09,975.5879,1868995,guanyush-RTX3060,10.70.2.70,975.5879,0,99,64,0.1,SGD,"/home/guanyush/Pictures/csc-2541-project/hyper_results/1649259932/DEFAULT_2022-04-06_11-45-32/DEFAULT_97b33_00124_124_data_loader;args;batch_size=64,optimizer;args;lr=0.1,optimizer;type=SGD_2022-04-07_20-04-55"
136,99,0.328222,0.905674,0.986281,5.388538,0.130934,0.288766,9.864166,FALSE,,,99,97b33_00136,18f3f258e9f24ab58c2af386ab6c22a0,2022-04-07_23-41-19,1.65E+09,981.6547,2073529,guanyush-RTX3060,10.70.2.70,981.6547,0,99,64,0.1,SGD,"/home/guanyush/Pictures/csc-2541-project/hyper_results/1649259932/DEFAULT_2022-04-06_11-45-32/DEFAULT_97b33_00136_136_data_loader;args;batch_size=64,optimizer;args;lr=0.1,optimizer;type=SGD_2022-04-07_23-10-48"
3,100,0.012951,0.99924,1,4.926602,0.124586,0.271415,8.43821,FALSE,,,100,97b33_00003,6a31baf4914c4a4f94615de9fa3e9f82,2022-04-06_12-47-03,1.65E+09,840.789,3940969,guanyush-RTX3060,10.70.2.70,840.789,0,100,256,0.01,SGD,"/home/guanyush/Pictures/csc-2541-project/hyper_results/1649259932/DEFAULT_2022-04-06_11-45-32/DEFAULT_97b33_00003_3_data_loader;args;batch_size=256,optimizer;args;lr=0.01,optimizer;type=SGD_2022-04-06_12-16-34"
15,100,0.012951,0.99924,1,4.926602,0.124586,0.271415,8.418265,FALSE,,,100,97b33_00015,fa8550eb95d741ea9e1e30ad3286c43a,2022-04-06_15-53-00,1.65E+09,838.9738,3940979,guanyush-RTX3060,10.70.2.70,838.9738,0,100,256,0.01,SGD,"/home/guanyush/Pictures/csc-2541-project/hyper_results/1649259932/DEFAULT_2022-04-06_11-45-32/DEFAULT_97b33_00015_15_data_loader;args;batch_size=256,optimizer;args;lr=0.01,optimizer;type=SGD_2022-04-06_15-22-33"
27,100,0.012951,0.99924,1,4.926602,0.124586,0.271415,8.474829,FALSE,,,100,97b33_00027,5c73ad53b0e24f23b94bd0e07fdc4801,2022-04-06_18-58-23,1.65E+09,844.2547,206315,guanyush-RTX3060,10.70.2.70,844.2547,0,100,256,0.01,SGD,"/home/guanyush/Pictures/csc-2541-project/hyper_results/1649259932/DEFAULT_2022-04-06_11-45-32/DEFAULT_97b33_00027_27_data_loader;args;batch_size=256,optimizer;args;lr=0.01,optimizer;type=SGD_2022-04-06_18-27-46"
39,100,0.012951,0.99924,1,4.926602,0.124586,0.271415,8.522108,FALSE,,,100,97b33_00039,a8393db1419649919381cb9679f04d1e,2022-04-06_22-03-13,1.65E+09,843.5226,414041,guanyush-RTX3060,10.70.2.70,843.5226,0,100,256,0.01,SGD,"/home/guanyush/Pictures/csc-2541-project/hyper_results/1649259932/DEFAULT_2022-04-06_11-45-32/DEFAULT_97b33_00039_39_data_loader;args;batch_size=256,optimizer;args;lr=0.01,optimizer;type=SGD_2022-04-06_21-32-39"
51,100,0.012951,0.99924,1,4.926602,0.124586,0.271415,8.453269,FALSE,,,100,97b33_00051,0c2720e333f64bbebb7bf26fe40165d4,2022-04-07_01-08-02,1.65E+09,842.345,618950,guanyush-RTX3060,10.70.2.70,842.345,0,100,256,0.01,SGD,"/home/guanyush/Pictures/csc-2541-project/hyper_results/1649259932/DEFAULT_2022-04-06_11-45-32/DEFAULT_97b33_00051_51_data_loader;args;batch_size=256,optimizer;args;lr=0.01,optimizer;type=SGD_2022-04-07_00-37-29"
63,100,0.012951,0.99924,1,4.926602,0.124586,0.271415,8.458961,FALSE,,,100,97b33_00063,2a4471e61f064f3db700c7ff5cd28508,2022-04-07_04-13-11,1.65E+09,841.5794,824178,guanyush-RTX3060,10.70.2.70,841.5794,0,100,256,0.01,SGD,"/home/guanyush/Pictures/csc-2541-project/hyper_results/1649259932/DEFAULT_2022-04-06_11-45-32/DEFAULT_97b33_00063_63_data_loader;args;batch_size=256,optimizer;args;lr=0.01,optimizer;type=SGD_2022-04-07_03-42-40"
75,100,0.012951,0.99924,1,4.926602,0.124586,0.271415,8.403417,FALSE,,,100,97b33_00075,fd7678479d6d42e1901d1d9564b3c35e,2022-04-07_07-17-38,1.65E+09,834.818,1045072,guanyush-RTX3060,10.70.2.70,834.818,0,100,256,0.01,SGD,"/home/guanyush/Pictures/csc-2541-project/hyper_results/1649259932/DEFAULT_2022-04-06_11-45-32/DEFAULT_97b33_00075_75_data_loader;args;batch_size=256,optimizer;args;lr=0.01,optimizer;type=SGD_2022-04-07_06-47-19"
87,100,0.012951,0.99924,1,4.926602,0.124586,0.271415,8.432367,FALSE,,,100,97b33_00087,01e9c9d8d4f44ee4b440da875e794681,2022-04-07_10-22-06,1.65E+09,837.0002,1249982,guanyush-RTX3060,10.70.2.70,837.0002,0,100,256,0.01,SGD,"/home/guanyush/Pictures/csc-2541-project/hyper_results/1649259932/DEFAULT_2022-04-06_11-45-32/DEFAULT_97b33_00087_87_data_loader;args;batch_size=256,optimizer;args;lr=0.01,optimizer;type=SGD_2022-04-07_09-51-42"
99,100,0.012951,0.99924,1,4.926602,0.124586,0.271415,8.389334,FALSE,,,100,97b33_00099,807e8b4d846a40e28814d08f8b7931fb,2022-04-07_13-26-26,1.65E+09,834.5688,1455057,guanyush-RTX3060,10.70.2.70,834.5688,0,100,256,0.01,SGD,"/home/guanyush/Pictures/csc-2541-project/hyper_results/1649259932/DEFAULT_2022-04-06_11-45-32/DEFAULT_97b33_00099_99_data_loader;args;batch_size=256,optimizer;args;lr=0.01,optimizer;type=SGD_2022-04-07_12-56-06"
111,100,0.012951,0.99924,1,4.926602,0.124586,0.271415,8.5343,FALSE,,,100,97b33_00111,003038ddaba04df9b39b20c86df77d34,2022-04-07_16-40-09,1.65E+09,854.7764,1658444,guanyush-RTX3060,10.70.2.70,854.7764,0,100,256,0.01,SGD,"/home/guanyush/Pictures/csc-2541-project/hyper_results/1649259932/DEFAULT_2022-04-06_11-45-32/DEFAULT_97b33_00111_111_data_loader;args;batch_size=256,optimizer;args;lr=0.01,optimizer;type=SGD_2022-04-07_16-08-23"
123,100,0.012951,0.99924,1,4.926602,0.124586,0.271415,8.597697,FALSE,,,100,97b33_00123,739e5c93adbc47a6abf01367f28d5598,2022-04-07_20-19-10,1.65E+09,854.5091,1853079,guanyush-RTX3060,10.70.2.70,854.5091,0,100,256,0.01,SGD,"/home/guanyush/Pictures/csc-2541-project/hyper_results/1649259932/DEFAULT_2022-04-06_11-45-32/DEFAULT_97b33_00123_123_data_loader;args;batch_size=256,optimizer;args;lr=0.01,optimizer;type=SGD_2022-04-07_19-48-12"
135,100,0.012951,0.99924,1,4.926602,0.124586,0.271415,8.490608,FALSE,,,100,97b33_00135,af20fc28e4ed47a59264a122c306c325,2022-04-07_23-24-55,1.65E+09,845.9238,2057742,guanyush-RTX3060,10.70.2.70,845.9238,0,100,256,0.01,SGD,"/home/guanyush/Pictures/csc-2541-project/hyper_results/1649259932/DEFAULT_2022-04-06_11-45-32/DEFAULT_97b33_00135_135_data_loader;args;batch_size=256,optimizer;args;lr=0.01,optimizer;type=SGD_2022-04-07_22-54-14"
0,84,0.084162,0.996055,0.999889,4.661142,0.123022,0.278085,10.00059,FALSE,,,84,97b33_00000,b69f91b23f494ecca0bb19262d28b9ea,2022-04-06_11-59-34,1.65E+09,841.4527,3940972,guanyush-RTX3060,10.70.2.70,841.4527,0,84,64,0.001,SGD,"/home/guanyush/Pictures/csc-2541-project/hyper_results/1649259932/DEFAULT_2022-04-06_11-45-32/DEFAULT_97b33_00000_0_data_loader;args;batch_size=64,optimizer;args;lr=0.001,optimizer;type=SGD_2022-04-06_11-45-32"
12,84,0.084162,0.996055,0.999889,4.661142,0.123022,0.278085,9.867577,FALSE,,,84,97b33_00012,08759b81f1e04167af725cdfcf4c45a5,2022-04-06_15-05-51,1.65E+09,835.5839,3940978,guanyush-RTX3060,10.70.2.70,835.5839,0,84,64,0.001,SGD,"/home/guanyush/Pictures/csc-2541-project/hyper_results/1649259932/DEFAULT_2022-04-06_11-45-32/DEFAULT_97b33_00012_12_data_loader;args;batch_size=64,optimizer;args;lr=0.001,optimizer;type=SGD_2022-04-06_14-37-30"
24,84,0.084162,0.996055,0.999889,4.661142,0.123022,0.278085,9.832979,FALSE,,,84,97b33_00024,93cd986840b045a58333331ab34f9ecc,2022-04-06_18-10-58,1.65E+09,829.9466,155694,guanyush-RTX3060,10.70.2.70,829.9466,0,84,64,0.001,SGD,"/home/guanyush/Pictures/csc-2541-project/hyper_results/1649259932/DEFAULT_2022-04-06_11-45-32/DEFAULT_97b33_00024_24_data_loader;args;batch_size=64,optimizer;args;lr=0.001,optimizer;type=SGD_2022-04-06_17-42-53"
36,84,0.084162,0.996055,0.999889,4.661142,0.123022,0.278085,9.851017,FALSE,,,84,97b33_00036,7c6707d954674156bceaa1a094d000dc,2022-04-06_21-15-55,1.65E+09,830.4317,363405,guanyush-RTX3060,10.70.2.70,830.4317,0,84,64,0.001,SGD,"/home/guanyush/Pictures/csc-2541-project/hyper_results/1649259932/DEFAULT_2022-04-06_11-45-32/DEFAULT_97b33_00036_36_data_loader;args;batch_size=64,optimizer;args;lr=0.001,optimizer;type=SGD_2022-04-06_20-47-54"
48,84,0.084162,0.996055,0.999889,4.661142,0.123022,0.278085,9.774285,FALSE,,,84,97b33_00048,58593f6a1995412ea29fb647c83b2305,2022-04-07_00-20-45,1.65E+09,826.6134,568504,guanyush-RTX3060,10.70.2.70,826.6134,0,84,64,0.001,SGD,"/home/guanyush/Pictures/csc-2541-project/hyper_results/1649259932/DEFAULT_2022-04-06_11-45-32/DEFAULT_97b33_00048_48_data_loader;args;batch_size=64,optimizer;args;lr=0.001,optimizer;type=SGD_2022-04-06_23-52-47"
60,84,0.084162,0.996055,0.999889,4.661142,0.123022,0.278085,9.809317,FALSE,,,84,97b33_00060,f1c123436ea74a8da539ad19d9d5ce9f,2022-04-07_03-25-56,1.65E+09,829.2728,773668,guanyush-RTX3060,10.70.2.70,829.2728,0,84,64,0.001,SGD,"/home/guanyush/Pictures/csc-2541-project/hyper_results/1649259932/DEFAULT_2022-04-06_11-45-32/DEFAULT_97b33_00060_60_data_loader;args;batch_size=64,optimizer;args;lr=0.001,optimizer;type=SGD_2022-04-07_02-57-56"
72,84,0.084162,0.996055,0.999889,4.661142,0.123022,0.278085,9.823146,FALSE,,,84,97b33_00072,3bf14be8939c42e6920183ecfbd522b2,2022-04-07_06-30-38,1.65E+09,825.8802,983408,guanyush-RTX3060,10.70.2.70,825.8802,0,84,64,0.001,SGD,"/home/guanyush/Pictures/csc-2541-project/hyper_results/1649259932/DEFAULT_2022-04-06_11-45-32/DEFAULT_97b33_00072_72_data_loader;args;batch_size=64,optimizer;args;lr=0.001,optimizer;type=SGD_2022-04-07_06-02-44"
84,84,0.084162,0.996055,0.999889,4.661142,0.123022,0.278085,9.775854,FALSE,,,84,97b33_00084,fc19e13b263e4f9abc0cc0ef198213bd,2022-04-07_09-35-02,1.65E+09,824.8589,1199669,guanyush-RTX3060,10.70.2.70,824.8589,0,84,64,0.001,SGD,"/home/guanyush/Pictures/csc-2541-project/hyper_results/1649259932/DEFAULT_2022-04-06_11-45-32/DEFAULT_97b33_00084_84_data_loader;args;batch_size=64,optimizer;args;lr=0.001,optimizer;type=SGD_2022-04-07_09-07-09"
96,84,0.084162,0.996055,0.999889,4.661142,0.123022,0.278085,9.756369,FALSE,,,84,97b33_00096,e266b725d1ec4e2497d1ce85ac61d546,2022-04-07_12-39-29,1.65E+09,823.5962,1404691,guanyush-RTX3060,10.70.2.70,823.5962,0,84,64,0.001,SGD,"/home/guanyush/Pictures/csc-2541-project/hyper_results/1649259932/DEFAULT_2022-04-06_11-45-32/DEFAULT_97b33_00096_96_data_loader;args;batch_size=64,optimizer;args;lr=0.001,optimizer;type=SGD_2022-04-07_12-11-39"
108,84,0.084162,0.996055,0.999889,4.661142,0.123022,0.278085,10.59999,FALSE,,,84,97b33_00108,8888245895884e318cdbec1a298869f4,2022-04-07_15-50-44,1.65E+09,885.3167,1608804,guanyush-RTX3060,10.70.2.70,885.3167,0,84,64,0.001,SGD,"/home/guanyush/Pictures/csc-2541-project/hyper_results/1649259932/DEFAULT_2022-04-06_11-45-32/DEFAULT_97b33_00108_108_data_loader;args;batch_size=64,optimizer;args;lr=0.001,optimizer;type=SGD_2022-04-07_15-20-43"
120,84,0.084162,0.996055,0.999889,4.661142,0.123022,0.278085,10.00812,FALSE,,,84,97b33_00120,fec13443c6514dd8a3c2df9352acdfed,2022-04-07_19-31-10,1.65E+09,843.9817,1805502,guanyush-RTX3060,10.70.2.70,843.9817,0,84,64,0.001,SGD,"/home/guanyush/Pictures/csc-2541-project/hyper_results/1649259932/DEFAULT_2022-04-06_11-45-32/DEFAULT_97b33_00120_120_data_loader;args;batch_size=64,optimizer;args;lr=0.001,optimizer;type=SGD_2022-04-07_19-02-40"
132,84,0.084162,0.996055,0.999889,4.661142,0.123022,0.278085,9.872578,FALSE,,,84,97b33_00132,626ca5eb66404950a31c112b2f03a9c1,2022-04-07_22-37-22,1.65E+09,832.7612,2010269,guanyush-RTX3060,10.70.2.70,832.7612,0,84,64,0.001,SGD,"/home/guanyush/Pictures/csc-2541-project/hyper_results/1649259932/DEFAULT_2022-04-06_11-45-32/DEFAULT_97b33_00132_132_data_loader;args;batch_size=64,optimizer;args;lr=0.001,optimizer;type=SGD_2022-04-07_22-09-13"
1,100,1.695868,0.60536,0.802235,4.006211,0.097645,0.242716,8.665828,FALSE,,,100,97b33_00001,0ae903e9a53348159e334958517bfa24,2022-04-06_12-16-31,1.65E+09,853.9859,3940976,guanyush-RTX3060,10.70.2.70,853.9859,0,100,256,0.001,SGD,"/home/guanyush/Pictures/csc-2541-project/hyper_results/1649259932/DEFAULT_2022-04-06_11-45-32/DEFAULT_97b33_00001_1_data_loader;args;batch_size=256,optimizer;args;lr=0.001,optimizer;type=SGD_2022-04-06_11-45-32"
13,100,1.695868,0.60536,0.802235,4.006211,0.097645,0.242716,8.402878,FALSE,,,100,97b33_00013,9bbcc20ca8e14e9492d12a416afd3d16,2022-04-06_15-22-30,1.65E+09,837.4913,3940973,guanyush-RTX3060,10.70.2.70,837.4913,0,100,256,0.001,SGD,"/home/guanyush/Pictures/csc-2541-project/hyper_results/1649259932/DEFAULT_2022-04-06_11-45-32/DEFAULT_97b33_00013_13_data_loader;args;batch_size=256,optimizer;args;lr=0.001,optimizer;type=SGD_2022-04-06_14-51-55"
25,100,1.695868,0.60536,0.802235,4.006211,0.097645,0.242716,8.470925,FALSE,,,100,97b33_00025,d3b39ed6fba84ec6bf015c0fc1859d4c,2022-04-06_18-27-43,1.65E+09,844.7268,172013,guanyush-RTX3060,10.70.2.70,844.7268,0,100,256,0.001,SGD,"/home/guanyush/Pictures/csc-2541-project/hyper_results/1649259932/DEFAULT_2022-04-06_11-45-32/DEFAULT_97b33_00025_25_data_loader;args;batch_size=256,optimizer;args;lr=0.001,optimizer;type=SGD_2022-04-06_17-57-07"
37,100,1.695868,0.60536,0.802235,4.006211,0.097645,0.242716,8.442723,FALSE,,,100,97b33_00037,81989f0eb72a4d97b5d5ca8bff7c9147,2022-04-06_21-32-37,1.65E+09,841.4518,379717,guanyush-RTX3060,10.70.2.70,841.4518,0,100,256,0.001,SGD,"/home/guanyush/Pictures/csc-2541-project/hyper_results/1649259932/DEFAULT_2022-04-06_11-45-32/DEFAULT_97b33_00037_37_data_loader;args;batch_size=256,optimizer;args;lr=0.001,optimizer;type=SGD_2022-04-06_21-02-04"
49,100,1.695868,0.60536,0.802235,4.006211,0.097645,0.242716,8.455369,FALSE,,,100,97b33_00049,f64202765d3044499315acd9860f08c1,2022-04-07_00-37-26,1.65E+09,840.8251,584825,guanyush-RTX3060,10.70.2.70,840.8251,0,100,256,0.001,SGD,"/home/guanyush/Pictures/csc-2541-project/hyper_results/1649259932/DEFAULT_2022-04-06_11-45-32/DEFAULT_97b33_00049_49_data_loader;args;batch_size=256,optimizer;args;lr=0.001,optimizer;type=SGD_2022-04-07_00-06-57"
61,100,1.695868,0.60536,0.802235,4.006211,0.097645,0.242716,8.410117,FALSE,,,100,97b33_00061,ff6a05c041474b85b0ae1f5b9d3aa70e,2022-04-07_03-42-37,1.65E+09,840.6557,789984,guanyush-RTX3060,10.70.2.70,840.6557,0,100,256,0.001,SGD,"/home/guanyush/Pictures/csc-2541-project/hyper_results/1649259932/DEFAULT_2022-04-06_11-45-32/DEFAULT_97b33_00061_61_data_loader;args;batch_size=256,optimizer;args;lr=0.001,optimizer;type=SGD_2022-04-07_03-12-06"
73,100,1.695868,0.60536,0.802235,4.006211,0.097645,0.242716,8.401226,FALSE,,,100,97b33_00073,dd7b8fea098e45519ca47906a6391db7,2022-04-07_06-47-16,1.65E+09,837.6011,1002034,guanyush-RTX3060,10.70.2.70,837.6011,0,100,256,0.001,SGD,"/home/guanyush/Pictures/csc-2541-project/hyper_results/1649259932/DEFAULT_2022-04-06_11-45-32/DEFAULT_97b33_00073_73_data_loader;args;batch_size=256,optimizer;args;lr=0.001,optimizer;type=SGD_2022-04-07_06-16-51"
85,100,1.695868,0.60536,0.802235,4.006211,0.097645,0.242716,8.424515,FALSE,,,100,97b33_00085,ca45c9a55f204187855742639fb8d132,2022-04-07_09-51-39,1.65E+09,837.7994,1215942,guanyush-RTX3060,10.70.2.70,837.7994,0,100,256,0.001,SGD,"/home/guanyush/Pictures/csc-2541-project/hyper_results/1649259932/DEFAULT_2022-04-06_11-45-32/DEFAULT_97b33_00085_85_data_loader;args;batch_size=256,optimizer;args;lr=0.001,optimizer;type=SGD_2022-04-07_09-21-17"
97,100,1.695868,0.60536,0.802235,4.006211,0.097645,0.242716,8.343118,FALSE,,,100,97b33_00097,996cfaf7bd0c43ee8a0c2f6d2d847fbe,2022-04-07_12-56-04,1.65E+09,835.3417,1420962,guanyush-RTX3060,10.70.2.70,835.3417,0,100,256,0.001,SGD,"/home/guanyush/Pictures/csc-2541-project/hyper_results/1649259932/DEFAULT_2022-04-06_11-45-32/DEFAULT_97b33_00097_97_data_loader;args;batch_size=256,optimizer;args;lr=0.001,optimizer;type=SGD_2022-04-07_12-25-44"
109,100,1.695868,0.60536,0.802235,4.006211,0.097645,0.242716,9.126992,FALSE,,,100,97b33_00109,98b1b4925c524dc1b4a28996c2e2f137,2022-04-07_16-08-21,1.65E+09,892.633,1625463,guanyush-RTX3060,10.70.2.70,892.633,0,100,256,0.001,SGD,"/home/guanyush/Pictures/csc-2541-project/hyper_results/1649259932/DEFAULT_2022-04-06_11-45-32/DEFAULT_97b33_00109_109_data_loader;args;batch_size=256,optimizer;args;lr=0.001,optimizer;type=SGD_2022-04-07_15-35-58"
121,100,1.695868,0.60536,0.802235,4.006211,0.097645,0.242716,8.595598,FALSE,,,100,97b33_00121,2368866357f54811b11f9edae73ae06b,2022-04-07_19-48-10,1.65E+09,857.3739,1821319,guanyush-RTX3060,10.70.2.70,857.3739,0,100,256,0.001,SGD,"/home/guanyush/Pictures/csc-2541-project/hyper_results/1649259932/DEFAULT_2022-04-06_11-45-32/DEFAULT_97b33_00121_121_data_loader;args;batch_size=256,optimizer;args;lr=0.001,optimizer;type=SGD_2022-04-07_19-17-05"
133,100,1.695868,0.60536,0.802235,4.006211,0.097645,0.242716,8.506091,FALSE,,,100,97b33_00133,c2f8407b29764e4c96aba9e8a4577111,2022-04-07_22-54-11,1.65E+09,847.7981,2026059,guanyush-RTX3060,10.70.2.70,847.7981,0,100,256,0.001,SGD,"/home/guanyush/Pictures/csc-2541-project/hyper_results/1649259932/DEFAULT_2022-04-06_11-45-32/DEFAULT_97b33_00133_133_data_loader;args;batch_size=256,optimizer;args;lr=0.001,optimizer;type=SGD_2022-04-07_22-23-29"
9,97,3.64366,0.105013,0.25102,3.860895,0.078803,0.194278,8.481192,FALSE,,,97,97b33_00009,a85b1abcf26f410fa40e9e6398635823,2022-04-06_14-19-55,1.65E+09,828.0439,3940975,guanyush-RTX3060,10.70.2.70,828.0439,0,97,256,0.01,Adam,"/home/guanyush/Pictures/csc-2541-project/hyper_results/1649259932/DEFAULT_2022-04-06_11-45-32/DEFAULT_97b33_00009_9_data_loader;args;batch_size=256,optimizer;args;lr=0.01,optimizer;type=Adam_2022-04-06_13-49-01"
21,97,3.64366,0.105013,0.25102,3.860895,0.078803,0.194278,8.404854,FALSE,,,97,97b33_00021,c13ecf908ffd4e9a827cbc8caaf3093f,2022-04-06_17-25-25,1.65E+09,821.9412,103373,guanyush-RTX3060,10.70.2.70,821.9412,0,97,256,0.01,Adam,"/home/guanyush/Pictures/csc-2541-project/hyper_results/1649259932/DEFAULT_2022-04-06_11-45-32/DEFAULT_97b33_00021_21_data_loader;args;batch_size=256,optimizer;args;lr=0.01,optimizer;type=Adam_2022-04-06_16-54-44"
33,97,3.64366,0.105013,0.25102,3.860895,0.078803,0.194278,8.390735,FALSE,,,97,97b33_00033,b6d80628da6842ee8d8f144795e61022,2022-04-06_20-30-30,1.65E+09,819.6138,311238,guanyush-RTX3060,10.70.2.70,819.6138,0,97,256,0.01,Adam,"/home/guanyush/Pictures/csc-2541-project/hyper_results/1649259932/DEFAULT_2022-04-06_11-45-32/DEFAULT_97b33_00033_33_data_loader;args;batch_size=256,optimizer;args;lr=0.01,optimizer;type=Adam_2022-04-06_19-59-54"
45,97,3.64366,0.105013,0.25102,3.860895,0.078803,0.194278,8.406549,FALSE,,,97,97b33_00045,aed0d72271da4a649e86f8b5fb04746b,2022-04-06_23-35-24,1.65E+09,820.8815,516501,guanyush-RTX3060,10.70.2.70,820.8815,0,97,256,0.01,Adam,"/home/guanyush/Pictures/csc-2541-project/hyper_results/1649259932/DEFAULT_2022-04-06_11-45-32/DEFAULT_97b33_00045_45_data_loader;args;batch_size=256,optimizer;args;lr=0.01,optimizer;type=Adam_2022-04-06_23-04-47"
57,97,3.64366,0.105013,0.25102,3.860895,0.078803,0.194278,8.505229,FALSE,,,97,97b33_00057,2ad17595b1904e8982d6da8213d06394,2022-04-07_02-40-31,1.65E+09,819.8336,721843,guanyush-RTX3060,10.70.2.70,819.8336,0,97,256,0.01,Adam,"/home/guanyush/Pictures/csc-2541-project/hyper_results/1649259932/DEFAULT_2022-04-06_11-45-32/DEFAULT_97b33_00057_57_data_loader;args;batch_size=256,optimizer;args;lr=0.01,optimizer;type=Adam_2022-04-07_02-09-56"
69,97,3.64366,0.105013,0.25102,3.860895,0.078803,0.194278,8.371299,FALSE,,,97,97b33_00069,23f17a6e6ba147b39fffa755d217fbd7,2022-04-07_05-45-21,1.65E+09,817.8844,926644,guanyush-RTX3060,10.70.2.70,817.8844,0,97,256,0.01,Adam,"/home/guanyush/Pictures/csc-2541-project/hyper_results/1649259932/DEFAULT_2022-04-06_11-45-32/DEFAULT_97b33_00069_69_data_loader;args;batch_size=256,optimizer;args;lr=0.01,optimizer;type=Adam_2022-04-07_05-14-48"
81,97,3.64366,0.105013,0.25102,3.860895,0.078803,0.194278,8.396281,FALSE,,,97,97b33_00081,0b3de83eb4dd432382627cb3c0976cdb,2022-04-07_08-49-46,1.65E+09,820.1638,1147862,guanyush-RTX3060,10.70.2.70,820.1638,0,97,256,0.01,Adam,"/home/guanyush/Pictures/csc-2541-project/hyper_results/1649259932/DEFAULT_2022-04-06_11-45-32/DEFAULT_97b33_00081_81_data_loader;args;batch_size=256,optimizer;args;lr=0.01,optimizer;type=Adam_2022-04-07_08-19-09"
93,97,3.64366,0.105013,0.25102,3.860895,0.078803,0.194278,8.387718,FALSE,,,97,97b33_00093,233e53bf5585423099beb697955f737b,2022-04-07_11-54-17,1.65E+09,818.4859,1352141,guanyush-RTX3060,10.70.2.70,818.4859,0,97,256,0.01,Adam,"/home/guanyush/Pictures/csc-2541-project/hyper_results/1649259932/DEFAULT_2022-04-06_11-45-32/DEFAULT_97b33_00093_93_data_loader;args;batch_size=256,optimizer;args;lr=0.01,optimizer;type=Adam_2022-04-07_11-23-44"
105,97,3.64366,0.105013,0.25102,3.860895,0.078803,0.194278,9.076274,FALSE,,,97,97b33_00105,87ec5664cd5b4891b15530eba0272d4a,2022-04-07_15-02-28,1.65E+09,868.8016,1557409,guanyush-RTX3060,10.70.2.70,868.8016,0,97,256,0.01,Adam,"/home/guanyush/Pictures/csc-2541-project/hyper_results/1649259932/DEFAULT_2022-04-06_11-45-32/DEFAULT_97b33_00105_105_data_loader;args;batch_size=256,optimizer;args;lr=0.01,optimizer;type=Adam_2022-04-07_14-27-52"
117,97,3.64366,0.105013,0.25102,3.860895,0.078803,0.194278,8.597293,FALSE,,,97,97b33_00117,9fbf1906789242b282d3028b2ae9536a,2022-04-07_18-44-58,1.65E+09,1179.882,1757196,guanyush-RTX3060,10.70.2.70,1179.882,0,97,256,0.01,Adam,"/home/guanyush/Pictures/csc-2541-project/hyper_results/1649259932/DEFAULT_2022-04-06_11-45-32/DEFAULT_97b33_00117_117_data_loader;args;batch_size=256,optimizer;args;lr=0.01,optimizer;type=Adam_2022-04-07_17-59-27"
129,97,3.64366,0.105013,0.25102,3.860895,0.078803,0.194278,8.441575,FALSE,,,97,97b33_00129,16e0c8e6e6644543bd06a5c70fa843a2,2022-04-07_21-51-43,1.65E+09,824.5949,1963274,guanyush-RTX3060,10.70.2.70,824.5949,0,97,256,0.01,Adam,"/home/guanyush/Pictures/csc-2541-project/hyper_results/1649259932/DEFAULT_2022-04-06_11-45-32/DEFAULT_97b33_00129_129_data_loader;args;batch_size=256,optimizer;args;lr=0.01,optimizer;type=Adam_2022-04-07_21-20-56"
141,97,3.64366,0.105013,0.25102,3.860895,0.078803,0.194278,8.499116,FALSE,,,97,97b33_00141,ff7363ebabab4969954e3909f290f15c,2022-04-08_00-58-02,1.65E+09,829.658,2152396,guanyush-RTX3060,10.70.2.70,829.658,0,97,256,0.01,Adam,"/home/guanyush/Pictures/csc-2541-project/hyper_results/1649259932/DEFAULT_2022-04-06_11-45-32/DEFAULT_97b33_00141_141_data_loader;args;batch_size=256,optimizer;args;lr=0.01,optimizer;type=Adam_2022-04-08_00-27-07"
8,94,3.927045,0.075244,0.18965,3.996208,0.066258,0.172271,10.14099,FALSE,,,94,97b33_00008,dec005d7d2564482a84758a9e985d04f,2022-04-06_14-05-01,1.65E+09,959.3168,3940980,guanyush-RTX3060,10.70.2.70,959.3168,0,94,64,0.01,Adam,"/home/guanyush/Pictures/csc-2541-project/hyper_results/1649259932/DEFAULT_2022-04-06_11-45-32/DEFAULT_97b33_00008_8_data_loader;args;batch_size=64,optimizer;args;lr=0.01,optimizer;type=Adam_2022-04-06_13-34-46"
20,94,3.927045,0.075244,0.18965,3.996208,0.066258,0.172271,10.10803,FALSE,,,94,97b33_00020,eebc85dafa6340068c8187efc2f70f5f,2022-04-06_17-10-39,1.65E+09,954.4861,86778,guanyush-RTX3060,10.70.2.70,954.4861,0,94,64,0.01,Adam,"/home/guanyush/Pictures/csc-2541-project/hyper_results/1649259932/DEFAULT_2022-04-06_11-45-32/DEFAULT_97b33_00020_20_data_loader;args;batch_size=64,optimizer;args;lr=0.01,optimizer;type=Adam_2022-04-06_16-40-33"
32,94,3.927045,0.075244,0.18965,3.996208,0.066258,0.172271,10.05813,FALSE,,,94,97b33_00032,7a7fcbea107e4917ba6fdbf286c8dbee,2022-04-06_20-15-45,1.65E+09,950.1781,294932,guanyush-RTX3060,10.70.2.70,950.1781,0,94,64,0.01,Adam,"/home/guanyush/Pictures/csc-2541-project/hyper_results/1649259932/DEFAULT_2022-04-06_11-45-32/DEFAULT_97b33_00032_32_data_loader;args;batch_size=64,optimizer;args;lr=0.01,optimizer;type=Adam_2022-04-06_19-45-44"
44,94,3.927045,0.075244,0.18965,3.996208,0.066258,0.172271,10.05889,FALSE,,,94,97b33_00044,4dbdf792df344eb0bc44f6044f78b330,2022-04-06_23-20-39,1.65E+09,951.8123,500119,guanyush-RTX3060,10.70.2.70,951.8123,0,94,64,0.01,Adam,"/home/guanyush/Pictures/csc-2541-project/hyper_results/1649259932/DEFAULT_2022-04-06_11-45-32/DEFAULT_97b33_00044_44_data_loader;args;batch_size=64,optimizer;args;lr=0.01,optimizer;type=Adam_2022-04-06_22-50-37"
56,94,3.927045,0.075244,0.18965,3.996208,0.066258,0.172271,10.07078,FALSE,,,94,97b33_00056,c15c16de79874750b66de21eac6bd9a2,2022-04-07_02-25-46,1.65E+09,949.1073,705449,guanyush-RTX3060,10.70.2.70,949.1073,0,94,64,0.01,Adam,"/home/guanyush/Pictures/csc-2541-project/hyper_results/1649259932/DEFAULT_2022-04-06_11-45-32/DEFAULT_97b33_00056_56_data_loader;args;batch_size=64,optimizer;args;lr=0.01,optimizer;type=Adam_2022-04-07_01-55-42"
68,94,3.927045,0.075244,0.18965,3.996208,0.066258,0.172271,10.04818,FALSE,,,94,97b33_00068,6c2238a631344055a3e2d1adf7c88906,2022-04-07_05-30-38,1.65E+09,949.6462,910308,guanyush-RTX3060,10.70.2.70,949.6462,0,94,64,0.01,Adam,"/home/guanyush/Pictures/csc-2541-project/hyper_results/1649259932/DEFAULT_2022-04-06_11-45-32/DEFAULT_97b33_00068_68_data_loader;args;batch_size=64,optimizer;args;lr=0.01,optimizer;type=Adam_2022-04-07_05-00-39"
80,94,3.927045,0.075244,0.18965,3.996208,0.066258,0.172271,10.06688,FALSE,,,94,97b33_00080,11c6170b1466449a8db72758d06a281c,2022-04-07_08-35-02,1.65E+09,951.6818,1131526,guanyush-RTX3060,10.70.2.70,951.6818,0,94,64,0.01,Adam,"/home/guanyush/Pictures/csc-2541-project/hyper_results/1649259932/DEFAULT_2022-04-06_11-45-32/DEFAULT_97b33_00080_80_data_loader;args;batch_size=64,optimizer;args;lr=0.01,optimizer;type=Adam_2022-04-07_08-05-01"
92,94,3.927045,0.075244,0.18965,3.996208,0.066258,0.172271,10.16774,FALSE,,,94,97b33_00092,31969aa61bb9418cb7e246944e7725aa,2022-04-07_11-39-34,1.65E+09,949.5051,1335912,guanyush-RTX3060,10.70.2.70,949.5051,0,94,64,0.01,Adam,"/home/guanyush/Pictures/csc-2541-project/hyper_results/1649259932/DEFAULT_2022-04-06_11-45-32/DEFAULT_97b33_00092_92_data_loader;args;batch_size=64,optimizer;args;lr=0.01,optimizer;type=Adam_2022-04-07_11-09-30"
104,94,3.927045,0.075244,0.18965,3.996208,0.066258,0.172271,10.35777,FALSE,,,94,97b33_00104,163dc6212a464342b92bca087a25cb0c,2022-04-07_14-46-51,1.65E+09,1137.611,1541155,guanyush-RTX3060,10.70.2.70,1137.611,0,94,64,0.01,Adam,"/home/guanyush/Pictures/csc-2541-project/hyper_results/1649259932/DEFAULT_2022-04-06_11-45-32/DEFAULT_97b33_00104_104_data_loader;args;batch_size=64,optimizer;args;lr=0.01,optimizer;type=Adam_2022-04-07_14-13-47"
116,94,3.927045,0.075244,0.18965,3.996208,0.066258,0.172271,17.75666,FALSE,,,94,97b33_00116,2f47ca4189044c03b0826ec8fd00a248,2022-04-07_18-23-29,1.65E+09,1441.112,1740879,guanyush-RTX3060,10.70.2.70,1441.112,0,94,64,0.01,Adam,"/home/guanyush/Pictures/csc-2541-project/hyper_results/1649259932/DEFAULT_2022-04-06_11-45-32/DEFAULT_97b33_00116_116_data_loader;args;batch_size=64,optimizer;args;lr=0.01,optimizer;type=Adam_2022-04-07_17-38-35"
128,94,3.927045,0.075244,0.18965,3.996208,0.066258,0.172271,10.15553,FALSE,,,94,97b33_00128,81f2749902ca441cbc4d38fa7d872aa6,2022-04-07_21-36-53,1.65E+09,955.738,1947580,guanyush-RTX3060,10.70.2.70,955.738,0,94,64,0.01,Adam,"/home/guanyush/Pictures/csc-2541-project/hyper_results/1649259932/DEFAULT_2022-04-06_11-45-32/DEFAULT_97b33_00128_128_data_loader;args;batch_size=64,optimizer;args;lr=0.01,optimizer;type=Adam_2022-04-07_21-06-43"
140,94,3.927045,0.075244,0.18965,3.996208,0.066258,0.172271,10.15977,FALSE,,,94,97b33_00140,61d91463a06641f19e9516eb287b27ec,2022-04-08_00-43-07,1.65E+09,959.6419,2136596,guanyush-RTX3060,10.70.2.70,959.6419,0,94,64,0.01,Adam,"/home/guanyush/Pictures/csc-2541-project/hyper_results/1649259932/DEFAULT_2022-04-06_11-45-32/DEFAULT_97b33_00140_140_data_loader;args;batch_size=64,optimizer;args;lr=0.01,optimizer;type=Adam_2022-04-08_00-12-49"
11,92,4.297752,0.040256,0.10714,4.533186,0.02608,0.071978,8.580114,FALSE,,,92,97b33_00011,0cd67e6edc8846a290ee6ed35fd41f0b,2022-04-06_14-50-43,1.65E+09,793.0035,3940970,guanyush-RTX3060,10.70.2.70,793.0035,0,92,256,0.1,Adam,"/home/guanyush/Pictures/csc-2541-project/hyper_results/1649259932/DEFAULT_2022-04-06_11-45-32/DEFAULT_97b33_00011_11_data_loader;args;batch_size=256,optimizer;args;lr=0.1,optimizer;type=Adam_2022-04-06_14-20-24"
23,92,4.297752,0.040256,0.10714,4.533186,0.02608,0.071978,8.431283,FALSE,,,92,97b33_00023,c9df3acbce25406bb018599bbcd49b90,2022-04-06_17-55-57,1.65E+09,782.9318,137865,guanyush-RTX3060,10.70.2.70,782.9318,0,92,256,0.1,Adam,"/home/guanyush/Pictures/csc-2541-project/hyper_results/1649259932/DEFAULT_2022-04-06_11-45-32/DEFAULT_97b33_00023_23_data_loader;args;batch_size=256,optimizer;args;lr=0.1,optimizer;type=Adam_2022-04-06_17-25-53"
35,92,4.297752,0.040256,0.10714,4.533186,0.02608,0.071978,8.42576,FALSE,,,92,97b33_00035,693f435ceda74d619538a80aaa29deab,2022-04-06_21-00-53,1.65E+09,779.2603,345605,guanyush-RTX3060,10.70.2.70,779.2603,0,92,256,0.1,Adam,"/home/guanyush/Pictures/csc-2541-project/hyper_results/1649259932/DEFAULT_2022-04-06_11-45-32/DEFAULT_97b33_00035_35_data_loader;args;batch_size=256,optimizer;args;lr=0.1,optimizer;type=Adam_2022-04-06_20-30-58"
47,92,4.297752,0.040256,0.10714,4.533186,0.02608,0.071978,8.41516,FALSE,,,92,97b33_00047,51b9473011164caf8a9f23a8aeb76d19,2022-04-07_00-05-48,1.65E+09,779.7441,550677,guanyush-RTX3060,10.70.2.70,779.7441,0,92,256,0.1,Adam,"/home/guanyush/Pictures/csc-2541-project/hyper_results/1649259932/DEFAULT_2022-04-06_11-45-32/DEFAULT_97b33_00047_47_data_loader;args;batch_size=256,optimizer;args;lr=0.1,optimizer;type=Adam_2022-04-06_23-35-52"
59,92,4.297752,0.040256,0.10714,4.533186,0.02608,0.071978,8.414107,FALSE,,,92,97b33_00059,3416e0533c9a44d680a5225a5a9ea3c1,2022-04-07_03-10-56,1.65E+09,779.3282,755856,guanyush-RTX3060,10.70.2.70,779.3282,0,92,256,0.1,Adam,"/home/guanyush/Pictures/csc-2541-project/hyper_results/1649259932/DEFAULT_2022-04-06_11-45-32/DEFAULT_97b33_00059_59_data_loader;args;batch_size=256,optimizer;args;lr=0.1,optimizer;type=Adam_2022-04-07_02-40-59"
71,92,4.297752,0.040256,0.10714,4.533186,0.02608,0.071978,8.426721,FALSE,,,92,97b33_00071,9db796f4257743d19fcda69ccce98b42,2022-04-07_06-15-42,1.65E+09,776.9717,963210,guanyush-RTX3060,10.70.2.70,776.9717,0,92,256,0.1,Adam,"/home/guanyush/Pictures/csc-2541-project/hyper_results/1649259932/DEFAULT_2022-04-06_11-45-32/DEFAULT_97b33_00071_71_data_loader;args;batch_size=256,optimizer;args;lr=0.1,optimizer;type=Adam_2022-04-07_05-45-49"
83,92,4.297752,0.040256,0.10714,4.533186,0.02608,0.071978,8.40333,FALSE,,,92,97b33_00083,ab5545f3787446d09648e1e07eaccc6e,2022-04-07_09-20-07,1.65E+09,777.4949,1181900,guanyush-RTX3060,10.70.2.70,777.4949,0,92,256,0.1,Adam,"/home/guanyush/Pictures/csc-2541-project/hyper_results/1649259932/DEFAULT_2022-04-06_11-45-32/DEFAULT_97b33_00083_83_data_loader;args;batch_size=256,optimizer;args;lr=0.1,optimizer;type=Adam_2022-04-07_08-50-14"
95,92,4.297752,0.040256,0.10714,4.533186,0.02608,0.071978,8.373166,FALSE,,,92,97b33_00095,159c8a7294424d288acbd42bacd7aef5,2022-04-07_12-24-35,1.65E+09,775.0326,1386876,guanyush-RTX3060,10.70.2.70,775.0326,0,92,256,0.1,Adam,"/home/guanyush/Pictures/csc-2541-project/hyper_results/1649259932/DEFAULT_2022-04-06_11-45-32/DEFAULT_97b33_00095_95_data_loader;args;batch_size=256,optimizer;args;lr=0.1,optimizer;type=Adam_2022-04-07_11-54-45"
107,92,4.297752,0.040256,0.10714,4.533186,0.02608,0.071978,8.544729,FALSE,,,92,97b33_00107,dbc44860b75c4934a25e7c83fecab1e3,2022-04-07_15-34-44,1.65E+09,840.1305,1591964,guanyush-RTX3060,10.70.2.70,840.1305,0,92,256,0.1,Adam,"/home/guanyush/Pictures/csc-2541-project/hyper_results/1649259932/DEFAULT_2022-04-06_11-45-32/DEFAULT_97b33_00107_107_data_loader;args;batch_size=256,optimizer;args;lr=0.1,optimizer;type=Adam_2022-04-07_15-02-58"
119,92,4.297752,0.040256,0.10714,4.533186,0.02608,0.071978,8.546975,FALSE,,,92,97b33_00119,e85387cc066046b2986e8743f6c1e6a5,2022-04-07_19-15-53,1.65E+09,793.0241,1789468,guanyush-RTX3060,10.70.2.70,793.0241,0,92,256,0.1,Adam,"/home/guanyush/Pictures/csc-2541-project/hyper_results/1649259932/DEFAULT_2022-04-06_11-45-32/DEFAULT_97b33_00119_119_data_loader;args;batch_size=256,optimizer;args;lr=0.1,optimizer;type=Adam_2022-04-07_18-45-27"
131,92,4.297752,0.040256,0.10714,4.533186,0.02608,0.071978,8.465046,FALSE,,,92,97b33_00131,fd59626206eb4ca69bce767dceeade6b,2022-04-07_22-22-18,1.65E+09,785.003,1994617,guanyush-RTX3060,10.70.2.70,785.003,0,92,256,0.1,Adam,"/home/guanyush/Pictures/csc-2541-project/hyper_results/1649259932/DEFAULT_2022-04-06_11-45-32/DEFAULT_97b33_00131_131_data_loader;args;batch_size=256,optimizer;args;lr=0.1,optimizer;type=Adam_2022-04-07_21-52-11"
143,92,4.297752,0.040256,0.10714,4.533186,0.02608,0.071978,8.515365,FALSE,,,92,97b33_00143,51320ff6cde04d9bbf46247fb4f16afd,2022-04-08_01-28-45,1.65E+09,788.1199,2183753,guanyush-RTX3060,10.70.2.70,788.1199,0,92,256,0.1,Adam,"/home/guanyush/Pictures/csc-2541-project/hyper_results/1649259932/DEFAULT_2022-04-06_11-45-32/DEFAULT_97b33_00143_143_data_loader;args;batch_size=256,optimizer;args;lr=0.1,optimizer;type=Adam_2022-04-08_00-58-31"
10,87,4.48911,0.023227,0.067354,172.732,0.013054,0.029074,10.18818,FALSE,,,87,97b33_00010,0fe6166cca874f60a60795d2a7696552,2022-04-06_14-35-14,1.65E+09,889.8505,3940968,guanyush-RTX3060,10.70.2.70,889.8505,0,87,64,0.1,Adam,"/home/guanyush/Pictures/csc-2541-project/hyper_results/1649259932/DEFAULT_2022-04-06_11-45-32/DEFAULT_97b33_00010_10_data_loader;args;batch_size=64,optimizer;args;lr=0.1,optimizer;type=Adam_2022-04-06_14-06-06"
22,87,4.48911,0.023227,0.067354,172.732,0.013054,0.029074,10.10603,FALSE,,,87,97b33_00022,e8c461a483fb41289a3ac692302091af,2022-04-06_17-40-39,1.65E+09,885.0502,121525,guanyush-RTX3060,10.70.2.70,885.0502,0,87,64,0.1,Adam,"/home/guanyush/Pictures/csc-2541-project/hyper_results/1649259932/DEFAULT_2022-04-06_11-45-32/DEFAULT_97b33_00022_22_data_loader;args;batch_size=64,optimizer;args;lr=0.1,optimizer;type=Adam_2022-04-06_17-11-43"
34,87,4.48911,0.023227,0.067354,172.732,0.013054,0.029074,10.09956,FALSE,,,87,97b33_00034,3b62e2187ecd4ff68c1ed62050995b96,2022-04-06_20-45-40,1.65E+09,881.7028,329360,guanyush-RTX3060,10.70.2.70,881.7028,0,87,64,0.1,Adam,"/home/guanyush/Pictures/csc-2541-project/hyper_results/1649259932/DEFAULT_2022-04-06_11-45-32/DEFAULT_97b33_00034_34_data_loader;args;batch_size=64,optimizer;args;lr=0.1,optimizer;type=Adam_2022-04-06_20-16-49"
46,87,4.48911,0.023227,0.067354,172.732,0.013054,0.029074,10.06895,FALSE,,,87,97b33_00046,e15308f84be74771abc498cc8eca35cd,2022-04-06_23-50-33,1.65E+09,880.7236,534379,guanyush-RTX3060,10.70.2.70,880.7236,0,87,64,0.1,Adam,"/home/guanyush/Pictures/csc-2541-project/hyper_results/1649259932/DEFAULT_2022-04-06_11-45-32/DEFAULT_97b33_00046_46_data_loader;args;batch_size=64,optimizer;args;lr=0.1,optimizer;type=Adam_2022-04-06_23-21-43"
58,87,4.48911,0.023227,0.067354,172.732,0.013054,0.029074,10.14895,FALSE,,,87,97b33_00058,f3f412ade2014a8387e38607e5a66ce5,2022-04-07_02-55-41,1.65E+09,882.336,739630,guanyush-RTX3060,10.70.2.70,882.336,0,87,64,0.1,Adam,"/home/guanyush/Pictures/csc-2541-project/hyper_results/1649259932/DEFAULT_2022-04-06_11-45-32/DEFAULT_97b33_00058_58_data_loader;args;batch_size=64,optimizer;args;lr=0.1,optimizer;type=Adam_2022-04-07_02-26-50"
70,87,4.48911,0.023227,0.067354,172.732,0.013054,0.029074,10.07802,FALSE,,,87,97b33_00070,7961a297e9a64752a784fbb6495eb4b7,2022-04-07_06-00-30,1.65E+09,880.687,946712,guanyush-RTX3060,10.70.2.70,880.687,0,87,64,0.1,Adam,"/home/guanyush/Pictures/csc-2541-project/hyper_results/1649259932/DEFAULT_2022-04-06_11-45-32/DEFAULT_97b33_00070_70_data_loader;args;batch_size=64,optimizer;args;lr=0.1,optimizer;type=Adam_2022-04-07_05-31-43"
82,87,4.48911,0.023227,0.067354,172.732,0.013054,0.029074,10.08578,FALSE,,,87,97b33_00082,ca3afe8955684d39a1aa3ef6ae10742c,2022-04-07_09-04-55,1.65E+09,880.7471,1165639,guanyush-RTX3060,10.70.2.70,880.7471,0,87,64,0.1,Adam,"/home/guanyush/Pictures/csc-2541-project/hyper_results/1649259932/DEFAULT_2022-04-06_11-45-32/DEFAULT_97b33_00082_82_data_loader;args;batch_size=64,optimizer;args;lr=0.1,optimizer;type=Adam_2022-04-07_08-36-06"
94,87,4.48911,0.023227,0.067354,172.732,0.013054,0.029074,10.04811,FALSE,,,87,97b33_00094,f829c3edfb2345fca313a91b12aa22fd,2022-04-07_12-09-26,1.65E+09,880.0073,1370642,guanyush-RTX3060,10.70.2.70,880.0073,0,87,64,0.1,Adam,"/home/guanyush/Pictures/csc-2541-project/hyper_results/1649259932/DEFAULT_2022-04-06_11-45-32/DEFAULT_97b33_00094_94_data_loader;args;batch_size=64,optimizer;args;lr=0.1,optimizer;type=Adam_2022-04-07_11-40-38"
106,87,4.48911,0.023227,0.067354,172.732,0.013054,0.029074,10.47412,FALSE,,,87,97b33_00106,ad98deee25c644e1a6bcc8d2893349aa,2022-04-07_15-18-23,1.65E+09,924.2517,1575402,guanyush-RTX3060,10.70.2.70,924.2517,0,87,64,0.1,Adam,"/home/guanyush/Pictures/csc-2541-project/hyper_results/1649259932/DEFAULT_2022-04-06_11-45-32/DEFAULT_97b33_00106_106_data_loader;args;batch_size=64,optimizer;args;lr=0.1,optimizer;type=Adam_2022-04-07_14-47-59"
118,87,4.48911,0.023227,0.067354,172.732,0.013054,0.029074,10.35325,FALSE,,,87,97b33_00118,04a391f2488a4349981c5aa250de59e2,2022-04-07_19-00-24,1.65E+09,896.3861,1773475,guanyush-RTX3060,10.70.2.70,896.3861,0,87,64,0.1,Adam,"/home/guanyush/Pictures/csc-2541-project/hyper_results/1649259932/DEFAULT_2022-04-06_11-45-32/DEFAULT_97b33_00118_118_data_loader;args;batch_size=64,optimizer;args;lr=0.1,optimizer;type=Adam_2022-04-07_18-25-18"
130,87,4.48911,0.023227,0.067354,172.732,0.013054,0.029074,10.18843,FALSE,,,87,97b33_00130,6d9c8158924b4078811a94613f38aed3,2022-04-07_22-06-58,1.65E+09,886.5623,1978953,guanyush-RTX3060,10.70.2.70,886.5623,0,87,64,0.1,Adam,"/home/guanyush/Pictures/csc-2541-project/hyper_results/1649259932/DEFAULT_2022-04-06_11-45-32/DEFAULT_97b33_00130_130_data_loader;args;batch_size=64,optimizer;args;lr=0.1,optimizer;type=Adam_2022-04-07_21-37-57"
142,87,4.48911,0.023227,0.067354,172.732,0.013054,0.029074,10.20771,FALSE,,,87,97b33_00142,59c2a88521a94e43aa424bef9963b94a,2022-04-08_01-13-21,1.65E+09,889.6325,2168039,guanyush-RTX3060,10.70.2.70,889.6325,0,87,64,0.1,Adam,"/home/guanyush/Pictures/csc-2541-project/hyper_results/1649259932/DEFAULT_2022-04-06_11-45-32/DEFAULT_97b33_00142_142_data_loader;args;batch_size=64,optimizer;args;lr=0.1,optimizer;type=Adam_2022-04-08_00-44-12"